Time,Temperature (C),Temperature (F),Humidity
7/7/2025 14:33,20.5,69,67.5
7/7/2025 14:34,20.6,69,67.5
7/7/2025 14:35,20.6,69,67.6
7/7/2025 14:36,20.5,69,67.6
7/7/2025 14:37,20.6,69,67.6
7/7/2025 14:38,20.5,69,67.5
7/7/2025 14:39,20.6,69.1,67.6
7/7/2025 14:40,20.5,69,67.5
7/7/2025 14:41,20.6,69,67.5
7/7/2025 14:42,20.6,69,67.5
7/7/2025 14:43,20.6,69,67.4
7/7/2025 14:44,20.5,69,67.6
7/7/2025 14:45,20.6,69.1,67.5
7/7/2025 14:46,20.6,69.1,67.5
7/7/2025 14:47,20.5,69,67.5
7/7/2025 14:48,20.6,69.1,67.4
7/7/2025 14:49,20.5,69,67.4
7/7/2025 14:50,20.6,69.1,67.5
7/7/2025 14:51,20.5,69,67.5
7/7/2025 14:52,20.6,69,67.4
7/7/2025 14:53,20.5,69,67.5
7/7/2025 14:54,20.6,69,67.5
7/7/2025 14:55,20.5,69,67.5
7/7/2025 14:56,20.6,69,67.6
7/7/2025 14:57,20.6,69,67.5
7/7/2025 14:58,20.6,69,67.5
7/7/2025 14:59,20.6,69.1,67.5
7/7/2025 15:00,20.5,69,67.5
7/7/2025 15:01,20.6,69.1,67.5
7/7/2025 15:02,20.6,69,67.5
7/7/2025 15:03,20.6,69,67.6
7/7/2025 15:04,20.5,69,67.6
7/7/2025 15:05,20.6,69,67.7
7/7/2025 15:06,20.6,69,67.7
7/7/2025 15:07,20.6,69,67.8
7/7/2025 15:08,20.6,69.1,67.7
7/7/2025 15:09,20.5,69,67.7
7/7/2025 15:10,20.6,69,67.8
7/7/2025 15:11,20.6,69,68
7/7/2025 15:12,20.6,69,67.8
7/7/2025 15:13,20.6,69,67.9
7/7/2025 15:14,20.6,69.1,67.9
7/7/2025 15:15,20.6,69.1,67.9
7/7/2025 15:16,20.6,69.1,67.9
7/7/2025 15:17,20.6,69.1,67.9
7/7/2025 15:18,20.6,69.1,67.9
7/7/2025 15:19,20.5,69,67.9
7/7/2025 15:20,20.6,69.1,68
7/7/2025 15:21,20.6,69.1,67.9
7/7/2025 15:22,20.6,69,67.9
7/7/2025 15:23,20.6,69,67.9
7/7/2025 15:24,20.6,69,68
7/7/2025 15:25,20.6,69.1,68
7/7/2025 15:26,20.6,69,67.9
7/7/2025 15:27,20.6,69,67.9
7/7/2025 15:28,20.6,69.1,68
7/7/2025 15:29,20.6,69.1,67.9
7/7/2025 15:30,20.6,69.1,68
7/7/2025 15:31,20.6,69,68
7/7/2025 15:32,20.6,69.1,68.1
7/7/2025 15:33,20.5,69,68.1
7/7/2025 15:34,20.6,69.1,68
7/7/2025 15:35,20.7,69.2,68
7/7/2025 15:36,20.6,69.1,68
7/7/2025 15:37,20.6,69.1,68
7/7/2025 15:38,20.6,69.1,68
7/7/2025 15:39,20.6,69.2,68
7/7/2025 15:40,20.6,69.1,68
7/7/2025 15:41,20.6,69.2,68.1
7/7/2025 15:42,20.6,69.1,68.1
7/7/2025 15:43,20.6,69.2,68.1
7/7/2025 15:44,20.6,69.2,68
7/7/2025 15:45,20.6,69.1,68.1
7/7/2025 15:46,20.6,69.1,68.1
7/7/2025 15:47,20.6,69.2,68.1
7/7/2025 15:48,20.6,69.1,68.1
7/7/2025 15:49,20.6,69.1,68.1
7/7/2025 15:50,20.6,69.1,68.1
7/7/2025 15:51,20.6,69,68.1
7/7/2025 15:52,20.6,69.1,68.1
7/7/2025 15:53,20.6,69.1,68.1
7/7/2025 15:54,20.6,69,68
7/7/2025 15:55,20.6,69.1,68.1
7/7/2025 15:56,20.7,69.2,68.2
7/7/2025 15:57,20.6,69.2,68.1
7/7/2025 15:58,20.6,69.2,68.2
7/7/2025 15:59,20.6,69.1,68.1
7/7/2025 16:00,20.6,69.1,68.2
7/7/2025 16:01,20.6,69.2,68.2
7/7/2025 16:02,20.6,69.1,68.2
7/7/2025 16:03,20.6,69.1,68.2
7/7/2025 16:04,20.6,69.1,68.2
7/7/2025 16:05,20.6,69.1,68.2
7/7/2025 16:06,20.6,69.2,68.1
7/7/2025 16:07,20.6,69,68.2
7/7/2025 16:08,20.6,69.1,68.1
7/7/2025 16:09,20.6,69.2,68.2
7/7/2025 16:10,20.6,69.2,68.2
7/7/2025 16:11,20.7,69.2,68.2
7/7/2025 16:12,20.6,69.2,68.2
7/7/2025 16:13,20.6,69.2,68.2
7/7/2025 16:14,20.6,69.1,68.2
7/7/2025 16:15,20.7,69.2,68.2
7/7/2025 16:16,20.7,69.2,68.2
7/7/2025 16:17,20.6,69.2,68.2
7/7/2025 16:18,20.7,69.2,68.2
7/7/2025 16:19,20.7,69.2,68.2
7/7/2025 16:20,20.6,69.2,68.2
7/7/2025 16:21,20.6,69.2,68.2
7/7/2025 16:22,20.6,69.2,68.1
7/7/2025 16:23,20.6,69.2,68.2
7/7/2025 16:24,20.6,69.2,68.2
7/7/2025 16:25,20.6,69.1,68.2
7/7/2025 16:26,20.6,69.2,68.2
7/7/2025 16:27,20.6,69.2,68.2
7/7/2025 16:28,20.7,69.2,68.2
7/7/2025 16:29,20.6,69.2,68.2
7/7/2025 16:30,20.6,69.2,68.1
7/7/2025 16:31,20.6,69.2,68.2
7/7/2025 16:32,20.6,69.2,68.1
7/7/2025 16:33,20.7,69.2,68.1
7/7/2025 16:34,20.6,69.2,68.1
7/7/2025 16:35,20.7,69.2,68.1
7/7/2025 16:36,20.6,69.1,68.1
7/7/2025 16:37,20.7,69.2,68.1
7/7/2025 16:38,20.6,69.2,68.1
7/7/2025 16:39,20.6,69.2,68.2
7/7/2025 16:40,20.6,69.2,68.1
7/7/2025 16:41,20.6,69.2,68.1
7/7/2025 16:42,20.6,69.2,68.1
7/7/2025 16:43,20.7,69.2,68.1
7/7/2025 16:44,20.6,69.2,68.1
7/7/2025 16:45,20.6,69.2,68.1
7/7/2025 16:46,20.6,69.2,68.1
7/7/2025 16:47,20.7,69.2,68.2
7/7/2025 16:48,20.6,69.2,68.2
7/7/2025 16:49,20.6,69.2,68.2
7/7/2025 16:50,20.6,69.2,68.2
7/7/2025 16:51,20.6,69.2,68.2
7/7/2025 16:52,20.7,69.2,68.2
7/7/2025 16:53,20.7,69.2,68.1
7/7/2025 16:54,20.6,69.1,68.1
7/7/2025 16:55,20.6,69.1,68.2
7/7/2025 16:56,20.6,69.2,68.2
7/7/2025 16:57,20.6,69.1,68.1
7/7/2025 16:58,20.7,69.2,68.2
7/7/2025 16:59,20.6,69.2,68.1
7/7/2025 17:00,20.6,69.2,68.1
7/7/2025 17:01,20.6,69.1,68.1
7/7/2025 17:02,20.7,69.2,68.1
7/7/2025 17:03,20.7,69.2,68.1
7/7/2025 17:04,20.6,69.2,68.1
7/7/2025 17:05,20.7,69.2,68.1
7/7/2025 17:06,20.6,69.2,68.1
7/7/2025 17:07,20.7,69.2,68.1
7/7/2025 17:08,20.6,69.1,68.1
7/7/2025 17:09,20.7,69.2,68
7/7/2025 17:10,20.7,69.2,68.1
7/7/2025 17:11,20.6,69.2,68.1
7/7/2025 17:12,20.6,69.2,68.1
7/7/2025 17:13,20.7,69.2,68.1
7/7/2025 17:14,20.7,69.3,68.1
7/7/2025 17:15,20.6,69.2,68.1
7/7/2025 17:16,20.7,69.2,68.1
7/7/2025 17:17,20.7,69.2,68.1
7/7/2025 17:18,20.7,69.3,68.1
7/7/2025 17:19,20.7,69.2,68.1
7/7/2025 17:20,20.7,69.2,68.1
7/7/2025 17:21,20.6,69.2,68
7/7/2025 17:22,20.7,69.2,68.1
7/7/2025 17:23,20.7,69.2,68.1
7/7/2025 17:24,20.6,69.2,68.1
7/7/2025 17:25,20.6,69.2,68.1
7/7/2025 17:26,20.7,69.2,68.1
7/7/2025 17:27,20.7,69.2,68.1
7/7/2025 17:28,20.7,69.2,68.1
7/7/2025 17:29,20.6,69.1,68.1
7/7/2025 17:30,20.7,69.2,68.1
7/7/2025 17:31,20.7,69.2,68.1
7/7/2025 17:32,20.7,69.2,68
7/7/2025 17:33,20.6,69.2,68.1
7/7/2025 17:34,20.7,69.2,68.2
7/7/2025 17:35,20.6,69.2,68
7/7/2025 17:36,20.7,69.2,68.1
7/7/2025 17:37,20.7,69.2,68.1
7/7/2025 17:38,20.6,69.2,68
7/7/2025 17:39,20.7,69.2,68
7/7/2025 17:40,20.6,69.2,68
7/7/2025 17:41,20.6,69.1,68
7/7/2025 17:42,20.7,69.2,67.9
7/7/2025 17:43,20.7,69.3,68
7/7/2025 17:44,20.7,69.2,68
7/7/2025 17:45,20.6,69.2,68
7/7/2025 17:46,20.6,69.2,67.9
7/7/2025 17:47,20.7,69.2,67.9
7/7/2025 17:48,20.7,69.2,67.9
7/7/2025 17:49,20.7,69.2,67.9
7/7/2025 17:50,20.6,69.1,67.9
7/7/2025 17:51,20.7,69.2,68
7/7/2025 17:52,20.7,69.2,68
7/7/2025 17:53,20.7,69.2,67.9
7/7/2025 17:54,20.6,69.2,67.9
7/7/2025 17:55,20.6,69.1,67.9
7/7/2025 17:56,20.6,69.2,67.9
7/7/2025 17:57,20.6,69.2,67.9
7/7/2025 17:58,20.7,69.2,68
7/7/2025 17:59,20.6,69.2,67.9
7/7/2025 18:00,20.7,69.2,68
7/7/2025 18:01,20.7,69.2,67.9
7/7/2025 18:02,20.6,69.2,68
7/7/2025 18:03,20.7,69.2,68.1
7/7/2025 18:04,20.6,69.2,68
7/7/2025 18:05,20.6,69.2,68
7/7/2025 18:06,20.7,69.2,68.1
7/7/2025 18:07,20.6,69,68
7/7/2025 18:08,20.6,69.2,68.1
7/7/2025 18:09,20.7,69.2,68.1
7/7/2025 18:10,20.6,69.2,68.1
7/7/2025 18:11,20.6,69.2,68.1
7/7/2025 18:12,20.6,69.2,68.1
7/7/2025 18:13,20.6,69.2,68.1
7/7/2025 18:14,20.7,69.2,68.1
7/7/2025 18:15,20.7,69.2,68.1
7/7/2025 18:16,20.6,69.1,68.1
7/7/2025 18:17,20.6,69.2,68.1
7/7/2025 18:18,20.6,69.1,68.1
7/7/2025 18:19,20.7,69.2,68.1
7/7/2025 18:20,20.7,69.2,68.1
7/7/2025 18:21,20.6,69.1,68.1
7/7/2025 18:22,20.6,69.2,68.2
7/7/2025 18:23,20.7,69.2,68.1
7/7/2025 18:24,20.6,69,68.2
7/7/2025 18:25,20.7,69.2,68.2
7/7/2025 18:26,20.7,69.2,68.2
7/7/2025 18:27,20.6,69.2,68.2
7/7/2025 18:28,20.6,69.2,68.3
7/7/2025 18:29,20.7,69.3,68.3
7/7/2025 18:30,20.7,69.2,68.3
7/7/2025 18:31,20.6,69.1,68.2
7/7/2025 18:32,20.7,69.2,68.2
7/7/2025 18:33,20.6,69.1,68.2
7/7/2025 18:34,20.6,69.2,68.3
7/7/2025 18:35,20.7,69.2,68.2
7/7/2025 18:36,20.7,69.2,68.1
7/7/2025 18:37,20.7,69.2,68.1
7/7/2025 18:38,20.7,69.2,68.1
7/7/2025 18:39,20.6,69.2,68
7/7/2025 18:40,20.7,69.2,68
7/7/2025 18:41,20.6,69.2,68.1
7/7/2025 18:42,20.6,69.2,68
7/7/2025 18:43,20.7,69.2,68
7/7/2025 18:44,20.6,69.1,68
7/7/2025 18:45,20.6,69.2,67.9
7/7/2025 18:46,20.7,69.2,67.9
7/7/2025 18:47,20.7,69.2,67.9
7/7/2025 18:48,20.6,69.1,67.9
7/7/2025 18:49,20.6,69.2,67.8
7/7/2025 18:50,20.6,69.2,67.8
7/7/2025 18:51,20.7,69.2,67.8
7/7/2025 18:52,20.7,69.2,67.8
7/7/2025 18:53,20.6,69.1,67.7
7/7/2025 18:54,20.7,69.2,67.7
7/7/2025 18:55,20.6,69.2,67.7
7/7/2025 18:56,20.6,69.1,67.6
7/7/2025 18:57,20.6,69.2,67.7
7/7/2025 18:58,20.6,69.1,67.6
7/7/2025 18:59,20.6,69.2,67.6
7/7/2025 19:00,20.6,69.2,67.6
7/7/2025 19:01,20.6,69.1,67.7
7/7/2025 19:02,20.6,69.1,67.6
7/7/2025 19:03,20.6,69.2,67.7
7/7/2025 19:04,20.6,69.1,67.6
7/7/2025 19:05,20.6,69.1,67.6
7/7/2025 19:06,20.6,69.1,67.5
7/7/2025 19:07,20.6,69.1,67.5
7/7/2025 19:08,20.6,69.1,67.5
7/7/2025 19:09,20.6,69,67.5
7/7/2025 19:10,20.6,69.1,67.5
7/7/2025 19:11,20.6,69.1,67.4
7/7/2025 19:12,20.6,69.2,67.4
7/7/2025 19:13,20.6,69.1,67.4
7/7/2025 19:14,20.6,69.1,67.4
7/7/2025 19:15,20.6,69.1,67.4
7/7/2025 19:16,20.6,69.1,67.4
7/7/2025 19:17,20.6,69.1,67.4
7/7/2025 19:18,20.6,69.1,67.4
7/7/2025 19:19,20.6,69.1,67.3
7/7/2025 19:20,20.6,69.2,67.4
7/7/2025 19:21,20.6,69.1,67.3
7/7/2025 19:22,20.6,69.1,67.3
7/7/2025 19:23,20.6,69.1,67.3
7/7/2025 19:24,20.6,69.1,67.3
7/7/2025 19:25,20.6,69.2,67.3
7/7/2025 19:26,20.6,69.1,67.2
7/7/2025 19:27,20.6,69.1,67.2
7/7/2025 19:28,20.6,69.1,67.2
7/7/2025 19:29,20.6,69.1,67.2
7/7/2025 19:30,20.6,69,67.2
7/7/2025 19:31,20.6,69,67.2
7/7/2025 19:32,20.6,69.1,67.2
7/7/2025 19:33,20.6,69.1,67.1
7/7/2025 19:34,20.6,69.1,67.2
7/7/2025 19:35,20.6,69.1,67.2
7/7/2025 19:36,20.6,69.1,67.2
7/7/2025 19:37,20.6,69,67.2
7/7/2025 19:38,20.6,69,67.1
7/7/2025 19:39,20.5,68.9,67.1
7/7/2025 19:40,20.5,69,67
7/7/2025 19:41,20.6,69,67.1
7/7/2025 19:42,20.6,69.1,67
7/7/2025 19:43,20.6,69,67
7/7/2025 19:44,20.6,69,67
7/7/2025 19:45,20.5,69,67.1
7/7/2025 19:46,20.6,69,67.1
7/7/2025 19:47,20.5,68.9,67.1
7/7/2025 19:48,20.5,69,67
7/7/2025 19:49,20.6,69.1,67
7/7/2025 19:50,20.5,68.9,67
7/7/2025 19:51,20.6,69.1,67
7/7/2025 19:52,20.6,69,66.9
7/7/2025 19:53,20.5,69,67
7/7/2025 19:54,20.5,69,67.1
7/7/2025 19:55,20.6,69,67.1
7/7/2025 19:56,20.6,69,67.2
7/7/2025 19:57,20.5,69,67.3
7/7/2025 19:58,20.6,69,67.6
7/7/2025 19:59,20.5,68.9,67.8
7/7/2025 20:00,20.5,69,68.1
7/7/2025 20:01,20.5,69,68.4
7/7/2025 20:02,20.5,69,68.6
7/7/2025 20:03,20.6,69,68.8
7/7/2025 20:04,20.6,69.1,69
7/7/2025 20:05,20.6,69.1,69.1
7/7/2025 20:06,20.6,69.1,69.3
7/7/2025 20:07,20.6,69.2,69.5
7/7/2025 20:08,20.6,69.1,69.5
7/7/2025 20:09,20.6,69.2,69.7
7/7/2025 20:10,20.7,69.2,69.8
7/7/2025 20:11,20.6,69.2,69.9
7/7/2025 20:12,20.7,69.2,70
7/7/2025 20:13,20.6,69.2,70.1
7/7/2025 20:14,20.7,69.2,70.1
7/7/2025 20:15,20.7,69.2,70.2
7/7/2025 20:16,20.7,69.2,70.2
7/7/2025 20:17,20.7,69.3,70.2
7/7/2025 20:18,20.7,69.3,70
7/7/2025 20:19,20.7,69.3,70
7/7/2025 20:20,20.7,69.2,69.9
7/7/2025 20:21,20.7,69.2,69.8
7/7/2025 20:22,20.8,69.3,69.7
7/7/2025 20:23,20.8,69.3,69.6
7/7/2025 20:24,20.8,69.3,69.4
7/7/2025 20:25,20.7,69.3,69.4
7/7/2025 20:26,20.7,69.3,69.4
7/7/2025 20:27,20.8,69.3,69.3
7/7/2025 20:28,20.7,69.3,69.2
7/7/2025 20:29,20.8,69.4,69.2
7/7/2025 20:30,20.7,69.3,69
7/7/2025 20:31,20.8,69.3,69
7/7/2025 20:32,20.8,69.3,68.9
7/7/2025 20:33,20.7,69.3,68.8
7/7/2025 20:34,20.7,69.3,68.8
7/7/2025 20:35,20.7,69.3,68.7
7/7/2025 20:36,20.7,69.3,68.7
7/7/2025 20:37,20.8,69.3,68.6
7/7/2025 20:38,20.7,69.2,68.6
7/7/2025 20:39,20.8,69.4,68.5
7/7/2025 20:40,20.8,69.4,68.4
7/7/2025 20:41,20.7,69.3,68.4
7/7/2025 20:42,20.8,69.4,68.2
7/7/2025 20:43,20.8,69.3,68.2
7/7/2025 20:44,20.7,69.3,68.1
7/7/2025 20:45,20.8,69.4,68.1
7/7/2025 20:46,20.7,69.3,68
7/7/2025 20:47,20.7,69.3,67.9
7/7/2025 20:48,20.7,69.3,67.9
7/7/2025 20:49,20.7,69.3,67.8
7/7/2025 20:50,20.8,69.3,67.8
7/7/2025 20:51,20.7,69.3,67.8
7/7/2025 20:52,20.7,69.3,67.7
7/7/2025 20:53,20.7,69.3,67.7
7/7/2025 20:54,20.7,69.3,67.7
7/7/2025 20:55,20.7,69.3,67.6
7/7/2025 20:56,20.7,69.2,67.6
7/7/2025 20:57,20.7,69.3,67.5
7/7/2025 20:58,20.8,69.3,67.4
7/7/2025 20:59,20.7,69.3,67.4
7/7/2025 21:00,20.8,69.3,67.4
7/7/2025 21:01,20.7,69.3,67.3
7/7/2025 21:02,20.7,69.2,67.3
7/7/2025 21:03,20.7,69.3,67.2
7/7/2025 21:04,20.7,69.3,67.1
7/7/2025 21:05,20.8,69.3,67.1
7/7/2025 21:06,20.7,69.3,67
7/7/2025 21:07,20.8,69.3,67.1
7/7/2025 21:08,20.7,69.2,66.9
7/7/2025 21:09,20.7,69.3,66.9
7/7/2025 21:10,20.7,69.3,66.9
7/7/2025 21:11,20.7,69.2,66.8
7/7/2025 21:12,20.7,69.2,66.7
7/7/2025 21:13,20.7,69.2,66.7
7/7/2025 21:14,20.7,69.3,66.6
7/7/2025 21:15,20.7,69.2,66.6
7/7/2025 21:16,20.6,69.2,66.5
7/7/2025 21:17,20.7,69.2,66.5
7/7/2025 21:18,20.6,69.2,66.4
7/7/2025 21:19,20.7,69.2,66.5
7/7/2025 21:20,20.7,69.2,66.4
7/7/2025 21:21,20.7,69.2,66.4
7/7/2025 21:22,20.6,69.2,66.4
7/7/2025 21:23,20.7,69.2,66.3
7/7/2025 21:24,20.7,69.2,66.3
7/7/2025 21:25,20.7,69.2,66.3
7/7/2025 21:26,20.7,69.2,66.2
7/7/2025 21:27,20.7,69.2,66.2
7/7/2025 21:28,20.6,69.1,66.2
7/7/2025 21:29,20.6,69.1,66.1
7/7/2025 21:30,20.6,69.1,66.1
7/7/2025 21:31,20.6,69.2,66.1
7/7/2025 21:32,20.6,69.1,65.9
7/7/2025 21:33,20.6,69.1,66
7/7/2025 21:34,20.6,69.1,66
7/7/2025 21:35,20.6,69.2,66
7/7/2025 21:36,20.6,69.1,65.9
7/7/2025 21:37,20.6,69.1,65.9
7/7/2025 21:38,20.6,69,65.8
7/7/2025 21:39,20.6,69.1,65.9
7/7/2025 21:40,20.6,69.1,65.8
7/7/2025 21:41,20.6,69,65.9
7/7/2025 21:42,20.6,69,65.9
7/7/2025 21:43,20.6,69,65.8
7/7/2025 21:44,20.6,69.1,65.8
7/7/2025 21:45,20.6,69.1,65.8
7/7/2025 21:46,20.5,69,65.8
7/7/2025 21:47,20.6,69,65.7
7/7/2025 21:48,20.5,69,65.7
7/7/2025 21:49,20.6,69,65.7
7/7/2025 21:50,20.6,69,65.7
7/7/2025 21:51,20.6,69.1,65.8
7/7/2025 21:52,20.6,69,65.7
7/7/2025 21:53,20.5,68.9,65.6
7/7/2025 21:54,20.5,68.9,65.6
7/7/2025 21:55,20.6,69,65.6
7/7/2025 21:56,20.5,69,65.6
7/7/2025 21:57,20.6,69,65.6
7/7/2025 21:58,20.5,69,65.6
7/7/2025 21:59,20.5,69,65.5
7/7/2025 22:00,20.5,68.9,65.5
7/7/2025 22:01,20.5,68.9,65.5
7/7/2025 22:02,20.5,68.9,65.5
7/7/2025 22:03,20.5,68.9,65.4
7/7/2025 22:04,20.5,69,65.4
7/7/2025 22:05,20.6,69,65.4
7/7/2025 22:06,20.5,68.9,65.3
7/7/2025 22:07,20.5,68.9,65.4
7/7/2025 22:08,20.5,68.9,65.3
7/7/2025 22:09,20.5,68.9,65.3
7/7/2025 22:10,20.5,68.9,65.3
7/7/2025 22:11,20.5,69,65.3
7/7/2025 22:12,20.5,68.9,65.2
7/7/2025 22:13,20.5,68.9,65.3
7/7/2025 22:14,20.5,68.9,65.3
7/7/2025 22:15,20.5,68.8,65.2
7/7/2025 22:16,20.5,68.9,65.2
7/7/2025 22:17,20.5,68.9,65.2
7/7/2025 22:18,20.5,68.9,65.2
7/7/2025 22:19,20.5,68.8,65.2
7/7/2025 22:20,20.5,68.8,65.2
7/7/2025 22:21,20.5,68.9,65.2
7/7/2025 22:22,20.5,68.8,65.2
7/7/2025 22:23,20.4,68.8,65.2
7/7/2025 22:24,20.5,68.8,65.2
7/7/2025 22:25,20.5,68.8,65.1
7/7/2025 22:26,20.5,68.8,65.1
7/7/2025 22:27,20.5,68.9,65.2
7/7/2025 22:28,20.5,68.9,65.1
7/7/2025 22:29,20.5,68.8,65.1
7/7/2025 22:30,20.4,68.8,65.1
7/7/2025 22:31,20.5,68.8,65
7/7/2025 22:32,20.5,68.9,65
7/7/2025 22:33,20.5,68.8,65
7/7/2025 22:34,20.5,68.9,65.1
7/7/2025 22:35,20.4,68.8,65.1
7/7/2025 22:36,20.5,68.9,65.1
7/7/2025 22:37,20.5,68.9,65.1
7/7/2025 22:38,20.4,68.8,65
7/7/2025 22:39,20.4,68.8,65
7/7/2025 22:40,20.5,68.8,64.9
7/7/2025 22:41,20.5,68.9,64.9
7/7/2025 22:42,20.4,68.8,64.9
7/7/2025 22:43,20.5,68.8,64.9
7/7/2025 22:44,20.4,68.8,65
7/7/2025 22:45,20.4,68.8,64.9
7/7/2025 22:46,20.4,68.8,64.9
7/7/2025 22:47,20.4,68.8,65
7/7/2025 22:48,20.5,68.8,65
7/7/2025 22:49,20.4,68.7,65
7/7/2025 22:50,20.4,68.8,65
7/7/2025 22:51,20.4,68.8,65.1
7/7/2025 22:52,20.4,68.8,65.1
7/7/2025 22:53,20.4,68.7,65.2
7/7/2025 22:54,20.4,68.7,65.1
7/7/2025 22:55,20.4,68.7,65.2
7/7/2025 22:56,20.4,68.8,65.2
7/7/2025 22:57,20.4,68.8,65.1
7/7/2025 22:58,20.4,68.8,65.2
7/7/2025 22:59,20.4,68.8,65.2
7/7/2025 23:00,20.4,68.7,65.2
7/7/2025 23:01,20.4,68.7,65.2
7/7/2025 23:02,20.4,68.8,65.2
7/7/2025 23:03,20.5,68.8,65.3
7/7/2025 23:04,20.4,68.8,65.3
7/7/2025 23:05,20.4,68.7,65.2
7/7/2025 23:06,20.4,68.7,65.2
7/7/2025 23:07,20.4,68.7,65.2
7/7/2025 23:08,20.5,68.8,65.3
7/7/2025 23:09,20.4,68.7,65.3
7/7/2025 23:10,20.4,68.7,65.3
7/7/2025 23:11,20.4,68.7,65.3
7/7/2025 23:12,20.4,68.8,65.3
7/7/2025 23:13,20.4,68.7,65.3
7/7/2025 23:14,20.4,68.7,65.3
7/7/2025 23:15,20.4,68.7,65.3
7/7/2025 23:16,20.4,68.7,65.3
7/7/2025 23:17,20.4,68.7,65.2
7/7/2025 23:18,20.4,68.7,65.3
7/7/2025 23:19,20.4,68.7,65.3
7/7/2025 23:20,20.4,68.6,65.3
7/7/2025 23:21,20.4,68.7,65.3
7/7/2025 23:22,20.4,68.8,65.3
7/7/2025 23:23,20.4,68.7,65.3
7/7/2025 23:24,20.4,68.8,65.2
7/7/2025 23:25,20.4,68.7,65.2
7/7/2025 23:26,20.4,68.8,65.2
7/7/2025 23:27,20.4,68.8,65.3
7/7/2025 23:28,20.4,68.7,65.2
7/7/2025 23:29,20.4,68.7,65.3
7/7/2025 23:30,20.4,68.7,65.3
7/7/2025 23:31,20.4,68.8,65.3
7/7/2025 23:32,20.4,68.7,65.3
7/7/2025 23:33,20.4,68.7,65.3
7/7/2025 23:34,20.4,68.7,65.2
7/7/2025 23:35,20.4,68.7,65.2
7/7/2025 23:36,20.4,68.7,65.2
7/7/2025 23:37,20.4,68.7,65.3
7/7/2025 23:38,20.3,68.6,65.3
7/7/2025 23:39,20.4,68.7,65.2
7/7/2025 23:40,20.4,68.7,65.2
7/7/2025 23:41,20.4,68.7,65.2
7/7/2025 23:42,20.4,68.8,65.2
7/7/2025 23:43,20.4,68.7,65.2
7/7/2025 23:44,20.4,68.7,65.2
7/7/2025 23:45,20.4,68.7,65.2
7/7/2025 23:46,20.4,68.7,65.2
7/7/2025 23:47,20.4,68.7,65.2
7/7/2025 23:48,20.4,68.7,65.1
7/7/2025 23:49,20.4,68.7,65.1
7/7/2025 23:50,20.4,68.7,65.2
7/7/2025 23:51,20.4,68.7,65
7/7/2025 23:52,20.4,68.7,65
7/7/2025 23:53,20.4,68.7,65.1
7/7/2025 23:54,20.4,68.8,65.2
7/7/2025 23:55,20.5,68.8,65.1
7/7/2025 23:56,20.4,68.7,65.1
7/7/2025 23:57,20.4,68.7,65.1
7/7/2025 23:58,20.4,68.7,65.1
7/7/2025 23:59,20.4,68.7,65.1
7/8/2025 0:00,20.4,68.7,65
7/8/2025 0:01,20.4,68.7,65
7/8/2025 0:02,20.4,68.8,65.1
7/8/2025 0:03,20.4,68.8,65
7/8/2025 0:04,20.4,68.7,65.1
7/8/2025 0:05,20.4,68.7,65
7/8/2025 0:06,20.4,68.7,65
7/8/2025 0:07,20.4,68.8,65
7/8/2025 0:08,20.4,68.7,65
7/8/2025 0:09,20.4,68.7,64.9
7/8/2025 0:10,20.4,68.7,64.9
7/8/2025 0:11,20.3,68.6,64.9
7/8/2025 0:12,20.4,68.8,64.9
7/8/2025 0:13,20.4,68.8,64.9
7/8/2025 0:14,20.4,68.7,64.9
7/8/2025 0:15,20.5,68.8,65
7/8/2025 0:16,20.4,68.8,64.8
7/8/2025 0:17,20.4,68.7,64.9
7/8/2025 0:18,20.4,68.7,64.8
7/8/2025 0:19,20.4,68.7,64.9
7/8/2025 0:20,20.4,68.7,64.9
7/8/2025 0:21,20.4,68.7,64.9
7/8/2025 0:22,20.4,68.7,64.8
7/8/2025 0:23,20.4,68.7,64.9
7/8/2025 0:24,20.4,68.7,64.9
7/8/2025 0:25,20.4,68.7,64.8
7/8/2025 0:26,20.4,68.7,64.8
7/8/2025 0:27,20.4,68.6,64.8
7/8/2025 0:28,20.4,68.6,64.8
7/8/2025 0:29,20.4,68.7,64.8
7/8/2025 0:30,20.4,68.6,64.8
7/8/2025 0:31,20.4,68.7,64.8
7/8/2025 0:32,20.4,68.7,64.8
7/8/2025 0:33,20.4,68.7,64.7
7/8/2025 0:34,20.4,68.7,64.7
7/8/2025 0:35,20.4,68.7,64.8
7/8/2025 0:36,20.4,68.7,64.8
7/8/2025 0:37,20.4,68.7,64.8
7/8/2025 0:38,20.4,68.7,64.8
7/8/2025 0:39,20.4,68.6,64.8
7/8/2025 0:40,20.4,68.7,64.8
7/8/2025 0:41,20.4,68.7,64.7
7/8/2025 0:42,20.4,68.7,64.7
7/8/2025 0:43,20.3,68.6,64.7
7/8/2025 0:44,20.4,68.7,64.7
7/8/2025 0:45,20.4,68.6,64.7
7/8/2025 0:46,20.4,68.8,64.8
7/8/2025 0:47,20.4,68.7,64.7
7/8/2025 0:48,20.4,68.7,64.7
7/8/2025 0:49,20.4,68.7,64.8
7/8/2025 0:50,20.4,68.7,64.7
7/8/2025 0:51,20.4,68.6,64.7
7/8/2025 0:52,20.4,68.7,64.8
7/8/2025 0:53,20.4,68.7,64.8
7/8/2025 0:54,20.4,68.7,64.8
7/8/2025 0:55,20.3,68.6,64.8
7/8/2025 0:56,20.4,68.7,64.8
7/8/2025 0:57,20.4,68.7,64.8
7/8/2025 0:58,20.4,68.7,64.8
7/8/2025 0:59,20.4,68.7,64.8
7/8/2025 1:00,20.4,68.6,64.7
7/8/2025 1:01,20.4,68.7,64.7
7/8/2025 1:02,20.4,68.6,64.7
7/8/2025 1:03,20.4,68.7,64.7
7/8/2025 1:04,20.4,68.7,64.7
7/8/2025 1:05,20.4,68.7,64.7
7/8/2025 1:06,20.4,68.7,64.8
7/8/2025 1:07,20.4,68.7,64.8
7/8/2025 1:08,20.4,68.6,64.7
7/8/2025 1:09,20.4,68.6,64.7
7/8/2025 1:10,20.4,68.7,64.7
7/8/2025 1:11,20.4,68.6,64.7
7/8/2025 1:12,20.4,68.7,64.7
7/8/2025 1:13,20.4,68.6,64.7
7/8/2025 1:14,20.4,68.7,64.7
7/8/2025 1:15,20.4,68.7,64.7
7/8/2025 1:16,20.3,68.6,64.7
7/8/2025 1:17,20.4,68.7,64.7
7/8/2025 1:18,20.4,68.6,64.8
7/8/2025 1:19,20.4,68.7,64.9
7/8/2025 1:20,20.4,68.7,64.8
7/8/2025 1:21,20.4,68.7,64.9
7/8/2025 1:22,20.4,68.6,65
7/8/2025 1:23,20.4,68.7,64.9
7/8/2025 1:24,20.4,68.7,65
7/8/2025 1:25,20.4,68.6,65
7/8/2025 1:26,20.4,68.6,65
7/8/2025 1:27,20.4,68.6,64.9
7/8/2025 1:28,20.4,68.6,65
7/8/2025 1:29,20.4,68.7,65
7/8/2025 1:30,20.4,68.6,65
7/8/2025 1:31,20.4,68.7,65
7/8/2025 1:32,20.4,68.6,64.9
7/8/2025 1:33,20.4,68.7,64.9
7/8/2025 1:34,20.4,68.8,64.9
7/8/2025 1:35,20.4,68.6,65
7/8/2025 1:36,20.4,68.7,64.8
7/8/2025 1:37,20.3,68.6,64.8
7/8/2025 1:38,20.4,68.7,65
7/8/2025 1:39,20.4,68.8,65
7/8/2025 1:40,20.4,68.7,65.1
7/8/2025 1:41,20.4,68.7,65
7/8/2025 1:42,20.4,68.7,64.9
7/8/2025 1:43,20.4,68.7,64.8
7/8/2025 1:44,20.4,68.7,64.8
7/8/2025 1:45,20.4,68.7,64.8
7/8/2025 1:46,20.4,68.7,64.8
7/8/2025 1:47,20.4,68.7,64.8
7/8/2025 1:48,20.4,68.8,64.7
7/8/2025 1:49,20.4,68.7,64.7
7/8/2025 1:50,20.4,68.7,64.6
7/8/2025 1:51,20.3,68.6,64.7
7/8/2025 1:52,20.4,68.7,64.7
7/8/2025 1:53,20.4,68.7,64.7
7/8/2025 1:54,20.3,68.6,64.7
7/8/2025 1:55,20.4,68.7,64.7
7/8/2025 1:56,20.4,68.7,64.7
7/8/2025 1:57,20.4,68.7,64.6
7/8/2025 1:58,20.3,68.6,64.6
7/8/2025 1:59,20.4,68.7,64.6
7/8/2025 2:00,20.4,68.6,64.7
7/8/2025 2:01,20.4,68.7,64.7
7/8/2025 2:02,20.4,68.7,64.7
7/8/2025 2:03,20.4,68.7,64.7
7/8/2025 2:04,20.3,68.6,64.6
7/8/2025 2:05,20.4,68.7,64.6
7/8/2025 2:06,20.4,68.7,64.6
7/8/2025 2:07,20.4,68.7,64.7
7/8/2025 2:08,20.4,68.6,64.7
7/8/2025 2:09,20.4,68.7,64.7
7/8/2025 2:10,20.4,68.7,64.6
7/8/2025 2:11,20.3,68.6,64.6
7/8/2025 2:12,20.4,68.6,64.7
7/8/2025 2:13,20.4,68.7,64.7
7/8/2025 2:14,20.4,68.7,64.7
7/8/2025 2:15,20.4,68.7,64.7
7/8/2025 2:16,20.4,68.7,64.7
7/8/2025 2:17,20.3,68.6,64.7
7/8/2025 2:18,20.4,68.7,64.8
7/8/2025 2:19,20.4,68.7,64.7
7/8/2025 2:20,20.4,68.6,64.7
7/8/2025 2:21,20.4,68.7,64.8
7/8/2025 2:22,20.4,68.7,64.8
7/8/2025 2:23,20.4,68.7,64.8
7/8/2025 2:24,20.4,68.7,64.8
7/8/2025 2:25,20.4,68.7,64.8
7/8/2025 2:26,20.4,68.6,64.8
7/8/2025 2:27,20.4,68.7,64.8
7/8/2025 2:28,20.4,68.6,64.8
7/8/2025 2:29,20.4,68.7,64.8
7/8/2025 2:30,20.4,68.8,64.9
7/8/2025 2:31,20.4,68.7,64.8
7/8/2025 2:32,20.4,68.7,64.9
7/8/2025 2:33,20.4,68.7,64.9
7/8/2025 2:34,20.3,68.6,64.9
7/8/2025 2:35,20.3,68.6,64.8
7/8/2025 2:36,20.4,68.7,64.9
7/8/2025 2:37,20.3,68.6,64.8
7/8/2025 2:38,20.4,68.6,64.8
7/8/2025 2:39,20.4,68.6,64.8
7/8/2025 2:40,20.4,68.7,64.9
7/8/2025 2:41,20.4,68.6,64.8
7/8/2025 2:42,20.4,68.7,64.8
7/8/2025 2:43,20.4,68.7,64.8
7/8/2025 2:44,20.4,68.8,64.8
7/8/2025 2:45,20.4,68.7,64.8
7/8/2025 2:46,20.4,68.7,64.8
7/8/2025 2:47,20.3,68.6,64.8
7/8/2025 2:48,20.4,68.7,64.8
7/8/2025 2:49,20.4,68.7,64.8
7/8/2025 2:50,20.4,68.7,64.7
7/8/2025 2:51,20.4,68.7,64.7
7/8/2025 2:52,20.4,68.7,64.8
7/8/2025 2:53,20.4,68.7,64.7
7/8/2025 2:54,20.4,68.7,64.8
7/8/2025 2:55,20.4,68.7,64.7
7/8/2025 2:56,20.4,68.7,64.8
7/8/2025 2:57,20.4,68.7,64.8
7/8/2025 2:58,20.3,68.6,64.8
7/8/2025 2:59,20.3,68.6,64.8
7/8/2025 3:00,20.4,68.7,64.7
7/8/2025 3:01,20.4,68.8,64.8
7/8/2025 3:02,20.4,68.7,64.8
7/8/2025 3:03,20.4,68.7,64.8
7/8/2025 3:04,20.4,68.6,64.7
7/8/2025 3:05,20.4,68.6,64.7
7/8/2025 3:06,20.4,68.7,64.7
7/8/2025 3:07,20.4,68.7,64.8
7/8/2025 3:08,20.3,68.6,64.8
7/8/2025 3:09,20.3,68.6,64.8
7/8/2025 3:10,20.3,68.6,64.7
7/8/2025 3:11,20.4,68.7,64.8
7/8/2025 3:12,20.4,68.7,64.7
7/8/2025 3:13,20.3,68.6,64.7
7/8/2025 3:14,20.3,68.6,64.7
7/8/2025 3:15,20.3,68.6,64.8
7/8/2025 3:16,20.4,68.7,64.8
7/8/2025 3:17,20.4,68.7,64.7
7/8/2025 3:18,20.4,68.7,64.8
7/8/2025 3:19,20.4,68.7,64.8
7/8/2025 3:20,20.4,68.7,64.8
7/8/2025 3:21,20.4,68.7,64.8
7/8/2025 3:22,20.4,68.7,64.8
7/8/2025 3:23,20.4,68.7,64.7
7/8/2025 3:24,20.4,68.7,64.8
7/8/2025 3:25,20.4,68.7,64.8
7/8/2025 3:26,20.4,68.8,64.8
7/8/2025 3:27,20.3,68.6,64.7
7/8/2025 3:28,20.4,68.7,64.8
7/8/2025 3:29,20.3,68.6,64.7
7/8/2025 3:30,20.4,68.7,64.7
7/8/2025 3:31,20.4,68.7,64.8
7/8/2025 3:32,20.4,68.6,64.7
7/8/2025 3:33,20.3,68.6,64.7
7/8/2025 3:34,20.4,68.7,64.7
7/8/2025 3:35,20.3,68.6,64.8
7/8/2025 3:36,20.3,68.6,64.8
7/8/2025 3:37,20.4,68.7,64.8
7/8/2025 3:38,20.4,68.7,64.8
7/8/2025 3:39,20.4,68.7,64.8
7/8/2025 3:40,20.4,68.7,64.8
7/8/2025 3:41,20.4,68.6,64.7
7/8/2025 3:42,20.4,68.7,64.7
7/8/2025 3:43,20.3,68.6,64.7
7/8/2025 3:44,20.3,68.6,64.7
7/8/2025 3:45,20.4,68.7,64.8
7/8/2025 3:46,20.4,68.6,64.8
7/8/2025 3:47,20.4,68.6,64.8
7/8/2025 3:48,20.4,68.7,64.8
7/8/2025 3:49,20.3,68.6,64.8
7/8/2025 3:50,20.4,68.6,64.8
7/8/2025 3:51,20.3,68.6,64.7
7/8/2025 3:52,20.4,68.7,64.8
7/8/2025 3:53,20.3,68.6,64.7
7/8/2025 3:54,20.4,68.6,64.8
7/8/2025 3:55,20.4,68.7,64.8
7/8/2025 3:56,20.4,68.7,64.8
7/8/2025 3:57,20.3,68.6,64.7
7/8/2025 3:58,20.4,68.7,64.6
7/8/2025 3:59,20.3,68.6,64.7
7/8/2025 4:00,20.4,68.7,64.7
7/8/2025 4:01,20.4,68.7,64.8
7/8/2025 4:02,20.3,68.6,64.8
7/8/2025 4:03,20.4,68.7,64.8
7/8/2025 4:04,20.4,68.6,64.8
7/8/2025 4:05,20.3,68.6,64.8
7/8/2025 4:06,20.3,68.6,64.7
7/8/2025 4:07,20.4,68.7,64.8
7/8/2025 4:08,20.3,68.5,64.7
7/8/2025 4:09,20.4,68.7,64.7
7/8/2025 4:10,20.4,68.7,64.8
7/8/2025 4:11,20.4,68.6,64.8
7/8/2025 4:12,20.4,68.7,64.8
7/8/2025 4:13,20.3,68.6,64.7
7/8/2025 4:14,20.4,68.6,64.7
7/8/2025 4:15,20.4,68.7,64.8
7/8/2025 4:16,20.4,68.7,64.7
7/8/2025 4:17,20.4,68.6,64.7
7/8/2025 4:18,20.4,68.6,64.7
7/8/2025 4:19,20.3,68.6,64.7
7/8/2025 4:20,20.4,68.7,64.8
7/8/2025 4:21,20.4,68.6,64.7
7/8/2025 4:22,20.4,68.6,64.7
7/8/2025 4:23,20.4,68.7,64.7
7/8/2025 4:24,20.4,68.7,64.7
7/8/2025 4:25,20.4,68.6,64.8
7/8/2025 4:26,20.4,68.7,64.7
7/8/2025 4:27,20.3,68.6,64.7
7/8/2025 4:28,20.3,68.6,64.8
7/8/2025 4:29,20.4,68.7,64.8
7/8/2025 4:30,20.4,68.7,64.8
7/8/2025 4:31,20.4,68.7,64.8
7/8/2025 4:32,20.4,68.6,64.8
7/8/2025 4:33,20.4,68.7,64.8
7/8/2025 4:34,20.3,68.6,64.8
7/8/2025 4:35,20.3,68.6,64.8
7/8/2025 4:36,20.3,68.6,64.8
7/8/2025 4:37,20.4,68.7,64.8
7/8/2025 4:38,20.4,68.6,64.8
7/8/2025 4:39,20.3,68.6,64.8
7/8/2025 4:40,20.4,68.6,64.8
7/8/2025 4:41,20.3,68.6,64.8
7/8/2025 4:42,20.3,68.6,64.8
7/8/2025 4:43,20.4,68.7,64.8
7/8/2025 4:44,20.4,68.7,64.7
7/8/2025 4:45,20.4,68.7,64.7
7/8/2025 4:46,20.4,68.7,64.7
7/8/2025 4:47,20.4,68.7,64.8
7/8/2025 4:48,20.3,68.6,64.7
7/8/2025 4:49,20.4,68.6,64.8
7/8/2025 4:50,20.3,68.6,64.7
7/8/2025 4:51,20.4,68.6,64.7
7/8/2025 4:52,20.4,68.7,64.7
7/8/2025 4:53,20.4,68.6,64.8
7/8/2025 4:54,20.3,68.6,64.7
7/8/2025 4:55,20.3,68.6,64.7
7/8/2025 4:56,20.4,68.7,64.7
7/8/2025 4:57,20.3,68.6,64.7
7/8/2025 4:58,20.3,68.6,64.7
7/8/2025 4:59,20.4,68.6,64.7
7/8/2025 5:00,20.4,68.7,64.7
7/8/2025 5:01,20.4,68.6,64.8
7/8/2025 5:02,20.4,68.7,64.7
7/8/2025 5:03,20.4,68.7,64.8
7/8/2025 5:04,20.4,68.7,64.7
7/8/2025 5:05,20.4,68.7,64.8
7/8/2025 5:06,20.4,68.7,64.8
7/8/2025 5:07,20.4,68.6,64.7
7/8/2025 5:08,20.4,68.7,64.7
7/8/2025 5:09,20.3,68.6,64.8
7/8/2025 5:10,20.4,68.7,64.8
7/8/2025 5:11,20.4,68.7,64.8
7/8/2025 5:12,20.4,68.6,64.8
7/8/2025 5:13,20.4,68.7,64.8
7/8/2025 5:14,20.4,68.7,64.8
7/8/2025 5:15,20.4,68.7,64.8
7/8/2025 5:16,20.4,68.6,64.8
7/8/2025 5:17,20.4,68.7,64.8
7/8/2025 5:18,20.4,68.7,64.8
7/8/2025 5:19,20.3,68.6,64.8
7/8/2025 5:20,20.4,68.7,64.7
7/8/2025 5:21,20.4,68.7,64.8
7/8/2025 5:22,20.4,68.7,64.8
7/8/2025 5:23,20.4,68.7,64.9
7/8/2025 5:24,20.4,68.7,64.8
7/8/2025 5:25,20.4,68.8,64.8
7/8/2025 5:26,20.4,68.7,64.8
7/8/2025 5:27,20.4,68.6,64.8
7/8/2025 5:28,20.4,68.7,64.8
7/8/2025 5:29,20.4,68.7,64.8
7/8/2025 5:30,20.4,68.7,64.8
7/8/2025 5:31,20.4,68.7,64.8
7/8/2025 5:32,20.4,68.7,64.8
7/8/2025 5:33,20.4,68.7,64.8
7/8/2025 5:34,20.4,68.8,64.9
7/8/2025 5:35,20.4,68.7,64.8
7/8/2025 5:36,20.4,68.7,64.8
7/8/2025 5:37,20.4,68.7,64.8
7/8/2025 5:38,20.4,68.7,64.8
7/8/2025 5:39,20.4,68.7,64.8
7/8/2025 5:40,20.4,68.7,64.8
7/8/2025 5:41,20.4,68.7,64.8
7/8/2025 5:42,20.4,68.6,64.8
7/8/2025 5:43,20.3,68.6,64.7
7/8/2025 5:44,20.4,68.7,64.8
7/8/2025 5:45,20.4,68.7,64.9
7/8/2025 5:46,20.4,68.7,64.8
7/8/2025 5:47,20.4,68.7,64.8
7/8/2025 5:48,20.4,68.7,64.9
7/8/2025 5:49,20.4,68.7,64.9
7/8/2025 5:50,20.4,68.6,64.8
7/8/2025 5:51,20.4,68.7,64.9
7/8/2025 5:52,20.4,68.6,64.8
7/8/2025 5:53,20.4,68.7,65
7/8/2025 5:54,20.4,68.7,64.9
7/8/2025 5:55,20.4,68.7,64.9
7/8/2025 5:56,20.4,68.7,64.9
7/8/2025 5:57,20.4,68.7,64.9
7/8/2025 5:58,20.4,68.8,65
7/8/2025 5:59,20.3,68.6,65
7/8/2025 6:00,20.4,68.7,65
7/8/2025 6:01,20.4,68.7,65
7/8/2025 6:02,20.4,68.7,65
7/8/2025 6:03,20.4,68.7,65
7/8/2025 6:04,20.4,68.7,65.1
7/8/2025 6:05,20.4,68.7,65
7/8/2025 6:06,20.4,68.6,65
7/8/2025 6:07,20.4,68.7,65.1
7/8/2025 6:08,20.4,68.7,65.1
7/8/2025 6:09,20.4,68.7,65.1
7/8/2025 6:10,20.4,68.7,65
7/8/2025 6:11,20.4,68.7,65
7/8/2025 6:12,20.4,68.7,65.1
7/8/2025 6:13,20.4,68.7,65.1
7/8/2025 6:14,20.4,68.7,65.1
7/8/2025 6:15,20.4,68.7,65.1
7/8/2025 6:16,20.4,68.6,65
7/8/2025 6:17,20.4,68.8,65.1
7/8/2025 6:18,20.4,68.7,65.2
7/8/2025 6:19,20.4,68.7,65.1
7/8/2025 6:20,20.4,68.7,65.2
7/8/2025 6:21,20.4,68.7,65.2
7/8/2025 6:22,20.4,68.7,65.1
7/8/2025 6:23,20.4,68.7,65.2
7/8/2025 6:24,20.4,68.7,65.2
7/8/2025 6:25,20.4,68.7,65.2
7/8/2025 6:26,20.4,68.6,65.2
7/8/2025 6:27,20.4,68.7,65.2
7/8/2025 6:28,20.4,68.7,65.3
7/8/2025 6:29,20.4,68.7,65.3
7/8/2025 6:30,20.5,68.8,65.3
7/8/2025 6:31,20.4,68.7,65.3
7/8/2025 6:32,20.4,68.7,65.4
7/8/2025 6:33,20.4,68.8,65.3
7/8/2025 6:34,20.4,68.7,65.3
7/8/2025 6:35,20.4,68.7,65.4
7/8/2025 6:36,20.4,68.8,65.3
7/8/2025 6:37,20.4,68.7,65.3
7/8/2025 6:38,20.4,68.7,65.3
7/8/2025 6:39,20.4,68.8,65.4
7/8/2025 6:40,20.4,68.7,65.4
7/8/2025 6:41,20.4,68.7,65.4
7/8/2025 6:42,20.4,68.7,65.4
7/8/2025 6:43,20.4,68.7,65.4
7/8/2025 6:44,20.4,68.7,65.4
7/8/2025 6:45,20.4,68.7,65.4
7/8/2025 6:46,20.4,68.8,65.4
7/8/2025 6:47,20.4,68.8,65.4
7/8/2025 6:48,20.4,68.8,65.3
7/8/2025 6:49,20.4,68.7,65.4
7/8/2025 6:50,20.4,68.7,65.4
7/8/2025 6:51,20.4,68.7,65.4
7/8/2025 6:52,20.4,68.8,65.4
7/8/2025 6:53,20.4,68.7,65.4
7/8/2025 6:54,20.4,68.7,65.4
7/8/2025 6:55,20.4,68.8,65.4
7/8/2025 6:56,20.4,68.7,65.5
7/8/2025 6:57,20.4,68.7,65.4
7/8/2025 6:58,20.4,68.8,65.4
7/8/2025 6:59,20.5,68.8,65.4
7/8/2025 7:00,20.4,68.7,65.4
7/8/2025 7:01,20.4,68.8,65.4
7/8/2025 7:02,20.4,68.7,65.4
7/8/2025 7:03,20.4,68.7,65.4
7/8/2025 7:04,20.4,68.7,65.4
7/8/2025 7:05,20.5,68.8,65.4
7/8/2025 7:06,20.5,68.8,65.4
7/8/2025 7:07,20.4,68.7,65.5
7/8/2025 7:08,20.4,68.8,65.5
7/8/2025 7:09,20.5,68.8,65.6
7/8/2025 7:10,20.5,68.8,65.6
7/8/2025 7:11,20.4,68.8,65.6
7/8/2025 7:12,20.4,68.7,65.6
7/8/2025 7:13,20.4,68.7,65.6
7/8/2025 7:14,20.4,68.8,65.7
7/8/2025 7:15,20.4,68.8,65.7
7/8/2025 7:16,20.4,68.7,65.7
7/8/2025 7:17,20.4,68.7,65.8
7/8/2025 7:18,20.4,68.8,65.7
7/8/2025 7:19,20.4,68.8,65.8
7/8/2025 7:20,20.4,68.8,65.8
7/8/2025 7:21,20.4,68.7,65.8
7/8/2025 7:22,20.5,68.8,65.8
7/8/2025 7:23,20.4,68.7,65.7
7/8/2025 7:24,20.4,68.7,65.7
7/8/2025 7:25,20.4,68.7,65.7
7/8/2025 7:26,20.4,68.8,65.8
7/8/2025 7:27,20.4,68.7,65.8
7/8/2025 7:28,20.4,68.8,65.7
7/8/2025 7:29,20.5,68.8,65.8
7/8/2025 7:30,20.4,68.8,65.7
7/8/2025 7:31,20.4,68.8,65.7
7/8/2025 7:32,20.4,68.8,65.6
7/8/2025 7:33,20.5,68.8,65.6
7/8/2025 7:34,20.4,68.8,65.6
7/8/2025 7:35,20.4,68.7,65.6
7/8/2025 7:36,20.4,68.8,65.6
7/8/2025 7:37,20.4,68.7,65.6
7/8/2025 7:38,20.5,68.8,65.5
7/8/2025 7:39,20.4,68.8,65.5
7/8/2025 7:40,20.4,68.8,65.5
7/8/2025 7:41,20.4,68.8,65.5
7/8/2025 7:42,20.4,68.8,65.5
7/8/2025 7:43,20.4,68.8,65.4
7/8/2025 7:44,20.4,68.8,65.4
7/8/2025 7:45,20.4,68.8,65.4
7/8/2025 7:46,20.4,68.7,65.4
7/8/2025 7:47,20.4,68.8,65.4
7/8/2025 7:48,20.4,68.8,65.4
7/8/2025 7:49,20.4,68.8,65.3
7/8/2025 7:50,20.4,68.8,65.3
7/8/2025 7:51,20.4,68.7,65.3
7/8/2025 7:52,20.4,68.8,65.3
7/8/2025 7:53,20.4,68.8,65.3
7/8/2025 7:54,20.4,68.7,65.3
7/8/2025 7:55,20.4,68.7,65.3
7/8/2025 7:56,20.4,68.7,65.2
7/8/2025 7:57,20.4,68.7,65.2
7/8/2025 7:58,20.4,68.8,65.2
7/8/2025 7:59,20.4,68.8,65.2
7/8/2025 8:00,20.4,68.7,65.2
7/8/2025 8:01,20.4,68.7,65.2
7/8/2025 8:02,20.4,68.7,65.2
7/8/2025 8:03,20.4,68.6,65.1
7/8/2025 8:04,20.4,68.7,65.2
7/8/2025 8:05,20.4,68.7,65.1
7/8/2025 8:06,20.4,68.7,65.2
7/8/2025 8:07,20.4,68.7,65.1
7/8/2025 8:08,20.4,68.8,65.1
7/8/2025 8:09,20.4,68.7,65.2
7/8/2025 8:10,20.3,68.6,65.2
7/8/2025 8:11,20.4,68.7,65.2
7/8/2025 8:12,20.4,68.7,65.2
7/8/2025 8:13,20.4,68.7,65.2
7/8/2025 8:14,20.4,68.7,65.2
7/8/2025 8:15,20.4,68.7,65.2
7/8/2025 8:16,20.4,68.6,65.2
7/8/2025 8:17,20.4,68.7,65.2
7/8/2025 8:18,20.4,68.7,65.1
7/8/2025 8:19,20.3,68.6,65.2
7/8/2025 8:20,20.4,68.7,65.2
7/8/2025 8:21,20.3,68.6,65.1
7/8/2025 8:22,20.4,68.7,65.2
7/8/2025 8:23,20.4,68.7,65.2
7/8/2025 8:24,20.4,68.6,65.2
7/8/2025 8:25,20.4,68.7,65.2
7/8/2025 8:26,20.4,68.7,65.2
7/8/2025 8:27,20.4,68.7,65.2
7/8/2025 8:28,20.4,68.6,65.2
7/8/2025 8:29,20.4,68.7,65.2
7/8/2025 8:30,20.4,68.7,65.3
7/8/2025 8:31,20.4,68.7,65.3
7/8/2025 8:32,20.4,68.7,65.3
7/8/2025 8:33,20.4,68.6,65.3
7/8/2025 8:34,20.4,68.6,65.3
7/8/2025 8:35,20.4,68.6,65.4
7/8/2025 8:36,20.4,68.7,65.5
7/8/2025 8:37,20.4,68.6,65.6
7/8/2025 8:38,20.4,68.7,65.6
7/8/2025 8:39,20.4,68.7,65.6
7/8/2025 8:40,20.4,68.7,65.6
7/8/2025 8:41,20.4,68.7,65.7
7/8/2025 8:42,20.4,68.7,65.6
7/8/2025 8:43,20.4,68.8,65.6
7/8/2025 8:44,20.4,68.7,65.6
7/8/2025 8:45,20.4,68.6,65.6
7/8/2025 8:46,20.4,68.7,65.6
7/8/2025 8:47,20.4,68.7,65.6
7/8/2025 8:48,20.4,68.7,65.6
7/8/2025 8:49,20.4,68.7,65.5
7/8/2025 8:50,20.4,68.7,65.5
7/8/2025 8:51,20.4,68.7,65.5
7/8/2025 8:52,20.4,68.8,65.5
7/8/2025 8:53,20.4,68.7,65.5
7/8/2025 8:54,20.4,68.7,65.5
7/8/2025 8:55,20.4,68.7,65.6
7/8/2025 8:56,20.4,68.7,65.7
7/8/2025 8:57,20.4,68.7,65.6
7/8/2025 8:58,20.4,68.7,65.7
7/8/2025 8:59,20.4,68.7,65.6
7/8/2025 9:00,20.4,68.7,65.7
7/8/2025 9:01,20.4,68.7,65.6
7/8/2025 9:02,20.4,68.8,65.7
7/8/2025 9:03,20.4,68.7,65.8
7/8/2025 9:04,20.4,68.8,65.8
7/8/2025 9:05,20.5,68.8,65.7
7/8/2025 9:06,20.4,68.7,65.8
7/8/2025 9:07,20.5,68.8,65.8
7/8/2025 9:08,20.5,68.8,56.3
7/8/2025 9:09,20.6,69,56.6
7/8/2025 9:10,20.7,69.3,56.8
7/8/2025 9:11,21,69.7,56.7
7/8/2025 9:12,21.1,70,56.7
7/8/2025 9:13,21.3,70.3,56.5
7/8/2025 9:14,21.5,70.8,56.3
7/8/2025 9:15,21.6,70.9,56.1
7/8/2025 9:16,21.7,71.1,56
7/8/2025 9:17,21.9,71.4,55.8
7/8/2025 9:18,22,71.6,55.8
7/8/2025 9:19,22,71.7,55.6
7/8/2025 9:20,22.1,71.8,55.7
7/8/2025 9:21,22.2,72,55.7
7/8/2025 9:22,22.3,72.1,55.7
7/8/2025 9:23,22.3,72.2,55.8
7/8/2025 9:24,22.4,72.2,55.8
7/8/2025 9:25,22.4,72.4,55.8
7/8/2025 9:26,22.4,72.4,55.8
7/8/2025 9:27,22.5,72.5,55.9
7/8/2025 9:28,22.4,72.4,56
7/8/2025 9:29,22.5,72.4,56.1
7/8/2025 9:30,22.5,72.5,56.3
7/8/2025 9:31,22.5,72.5,56.3
7/8/2025 9:32,22.5,72.4,56.4
7/8/2025 9:33,22.5,72.4,56.5
7/8/2025 9:34,22.4,72.4,56.6
7/8/2025 9:35,22.5,72.4,56.8
7/8/2025 9:36,22.4,72.4,56.9
7/8/2025 9:37,22.4,72.4,57
7/8/2025 9:38,22.4,72.2,57.1
7/8/2025 9:39,22.4,72.2,57.2
7/8/2025 9:40,22.4,72.3,57.3
7/8/2025 9:41,22.4,72.2,57.5
7/8/2025 9:42,22.3,72.2,57.7
7/8/2025 9:43,22.3,72.2,57.7
7/8/2025 9:44,22.3,72.1,57.8
7/8/2025 9:45,22.2,72.1,57.9
7/8/2025 9:46,22.2,72.1,58
7/8/2025 9:47,22.2,71.9,58.2
7/8/2025 9:48,22.2,72,58.4
7/8/2025 9:49,22.2,71.9,58.4
7/8/2025 9:50,22.2,71.9,58.5
7/8/2025 9:51,22.2,71.9,58.7
7/8/2025 9:52,22.1,71.8,58.9
7/8/2025 9:53,22.1,71.8,59
7/8/2025 9:54,22.1,71.8,59
7/8/2025 9:55,22.1,71.8,59.2
7/8/2025 9:56,22,71.7,59.2
7/8/2025 9:57,22.1,71.7,59.3
7/8/2025 9:58,22,71.6,59.4
7/8/2025 9:59,22,71.7,59.6
7/8/2025 10:00,22,71.6,59.6
7/8/2025 10:01,22,71.6,59.7
7/8/2025 10:02,22,71.6,59.8
7/8/2025 10:03,22,71.6,59.9
7/8/2025 10:04,21.9,71.5,60
7/8/2025 10:05,21.9,71.5,60.1
7/8/2025 10:06,21.9,71.5,60.2
7/8/2025 10:07,21.9,71.4,60.2
7/8/2025 10:08,21.9,71.4,60.3
7/8/2025 10:09,21.9,71.4,60.4
7/8/2025 10:10,21.9,71.3,60.4
7/8/2025 10:11,21.9,71.4,60.6
7/8/2025 10:12,21.8,71.3,60.6
7/8/2025 10:13,21.8,71.3,60.7
7/8/2025 10:14,21.8,71.3,60.8
7/8/2025 10:15,21.8,71.2,60.9
7/8/2025 10:16,21.8,71.2,61
7/8/2025 10:17,21.8,71.2,61.1
7/8/2025 10:18,21.7,71.1,61.1
7/8/2025 10:19,21.8,71.2,61.2
7/8/2025 10:20,21.8,71.2,61.2
7/8/2025 10:21,21.7,71.1,61.3
7/8/2025 10:22,21.7,71.1,61.4
7/8/2025 10:23,21.7,71.1,61.4
7/8/2025 10:24,21.7,71.1,61.6
7/8/2025 10:25,21.7,71.1,61.6
7/8/2025 10:26,21.7,71.1,61.6
7/8/2025 10:27,21.7,71.1,61.7
7/8/2025 10:28,21.6,70.9,61.7
7/8/2025 10:29,21.6,70.9,61.8
7/8/2025 10:30,21.7,71,61.9
7/8/2025 10:31,21.6,71,61.9
7/8/2025 10:32,21.7,71.1,62
7/8/2025 10:33,21.6,70.9,62
7/8/2025 10:34,21.6,70.9,62.1
7/8/2025 10:35,21.6,70.9,62.1
7/8/2025 10:36,21.6,70.9,62.1
7/8/2025 10:37,21.6,70.9,62.1
7/8/2025 10:38,21.6,70.9,62.2
7/8/2025 10:39,21.6,70.8,62.1
7/8/2025 10:40,21.6,70.9,62.2
7/8/2025 10:41,21.6,70.9,62.2
7/8/2025 10:42,21.6,70.8,62.2
7/8/2025 10:43,21.6,70.9,62.2
7/8/2025 10:44,21.6,70.8,62.3
7/8/2025 10:45,21.6,70.8,62.2
7/8/2025 10:46,21.6,70.8,62.3
7/8/2025 10:47,21.5,70.8,62.2
7/8/2025 10:48,21.5,70.7,62.3
7/8/2025 10:49,21.5,70.7,62.3
7/8/2025 10:50,21.6,70.8,62.3
7/8/2025 10:51,21.5,70.8,62.4
7/8/2025 10:52,21.5,70.7,62.4
7/8/2025 10:53,21.5,70.7,62.5
7/8/2025 10:54,21.5,70.7,62.6
7/8/2025 10:55,21.5,70.8,62.6
7/8/2025 10:56,21.5,70.7,62.6
7/8/2025 10:57,21.5,70.7,62.6
7/8/2025 10:58,21.5,70.7,62.6
7/8/2025 10:59,21.5,70.6,62.7
7/8/2025 11:00,21.5,70.7,62.7
7/8/2025 11:01,21.5,70.7,62.8
7/8/2025 11:02,21.4,70.6,62.7
7/8/2025 11:03,21.4,70.5,62.8
7/8/2025 11:04,21.4,70.5,62.9
7/8/2025 11:05,21.4,70.5,62.8
7/8/2025 11:06,21.5,70.7,62.8
7/8/2025 11:07,21.5,70.6,62.9
7/8/2025 11:08,21.5,70.6,62.8
7/8/2025 11:09,21.4,70.5,62.9
7/8/2025 11:10,21.4,70.5,63
7/8/2025 11:11,21.4,70.5,62.9
7/8/2025 11:12,21.4,70.5,62.9
7/8/2025 11:13,21.4,70.5,63
7/8/2025 11:14,21.4,70.5,63
7/8/2025 11:15,21.4,70.5,63
7/8/2025 11:16,21.4,70.5,63.1
7/8/2025 11:17,21.4,70.5,63.1
7/8/2025 11:18,21.4,70.5,63.1
7/8/2025 11:19,21.4,70.4,63.1
7/8/2025 11:20,21.4,70.4,63.1
7/8/2025 11:21,21.4,70.5,63.1
7/8/2025 11:22,21.4,70.4,63.2
7/8/2025 11:23,21.4,70.5,63.2
7/8/2025 11:24,21.4,70.4,63.2
7/8/2025 11:25,21.3,70.4,63.2
7/8/2025 11:26,21.4,70.5,63.2
7/8/2025 11:27,21.3,70.4,63.2
7/8/2025 11:28,21.4,70.4,63.2
7/8/2025 11:29,21.3,70.3,63.3
7/8/2025 11:30,21.3,70.4,63.2
7/8/2025 11:31,21.3,70.3,63.3
7/8/2025 11:32,21.3,70.4,63.3
7/8/2025 11:33,21.3,70.3,63.3
7/8/2025 11:34,21.3,70.4,63.3
7/8/2025 11:35,21.3,70.4,63.4
7/8/2025 11:36,21.3,70.3,63.5
7/8/2025 11:37,21.3,70.4,63.6
7/8/2025 11:38,21.3,70.3,63.5
7/8/2025 11:39,21.3,70.4,63.5
7/8/2025 11:40,21.4,70.4,63.5
7/8/2025 11:41,21.3,70.4,63.5
7/8/2025 11:42,21.3,70.3,63.5
7/8/2025 11:43,21.3,70.3,63.5
7/8/2025 11:44,21.3,70.4,63.5
7/8/2025 11:45,21.3,70.4,63.6
7/8/2025 11:46,21.3,70.3,63.5
7/8/2025 11:47,21.4,70.4,63.5
7/8/2025 11:48,21.3,70.3,63.5
7/8/2025 11:49,21.3,70.3,63.5
7/8/2025 11:50,21.3,70.4,63.5
7/8/2025 11:51,21.3,70.4,63.6
7/8/2025 11:52,21.3,70.3,63.6
7/8/2025 11:53,21.3,70.3,63.6
7/8/2025 11:54,21.2,70.2,63.6
7/8/2025 11:55,21.3,70.3,63.6
7/8/2025 11:56,21.3,70.3,63.7
7/8/2025 11:57,21.3,70.3,63.7
7/8/2025 11:58,21.3,70.3,63.7
7/8/2025 11:59,21.3,70.3,63.7
7/8/2025 12:00,21.3,70.3,63.7
7/8/2025 12:01,21.3,70.3,63.7
7/8/2025 12:02,21.3,70.3,63.8
7/8/2025 12:03,21.2,70.2,63.8
7/8/2025 12:04,21.3,70.3,63.8
7/8/2025 12:05,21.3,70.3,63.8
7/8/2025 12:06,21.3,70.3,63.9
7/8/2025 12:07,21.2,70.2,63.8
7/8/2025 12:08,21.2,70.2,64
7/8/2025 12:09,21.2,70.2,63.9
7/8/2025 12:10,21.3,70.3,63.9
7/8/2025 12:11,21.2,70.2,64
7/8/2025 12:12,21.2,70.2,63.9
7/8/2025 12:13,21.2,70.2,64
7/8/2025 12:14,21.2,70.1,64
7/8/2025 12:15,21.2,70.1,64
7/8/2025 12:16,21.2,70.2,64
7/8/2025 12:17,21.2,70.2,64.1
7/8/2025 12:18,21.3,70.3,64.1
7/8/2025 12:19,21.2,70.2,64.1
7/8/2025 12:20,21.2,70.2,64
7/8/2025 12:21,21.3,70.3,64.1
7/8/2025 12:22,21.2,70.2,64.1
7/8/2025 12:23,21.2,70.2,64.1
7/8/2025 12:24,21.2,70.2,64.2
7/8/2025 12:25,21.2,70.1,64.2
7/8/2025 12:26,21.2,70.2,64.3
7/8/2025 12:27,21.2,70.2,64.2
7/8/2025 12:28,21.2,70.1,64.2
7/8/2025 12:29,21.2,70.1,64.3
7/8/2025 12:30,21.2,70.1,64.3
7/8/2025 12:31,21.2,70.2,64.3
7/8/2025 12:32,21.2,70.2,64.3
7/8/2025 12:33,21.2,70.2,64.3
7/8/2025 12:34,21.2,70.2,64.3
7/8/2025 12:35,21.2,70.2,64.3
7/8/2025 12:36,21.2,70.1,64.3
7/8/2025 12:37,21.2,70.2,64.3
7/8/2025 12:38,21.2,70.1,64.3
7/8/2025 12:39,21.2,70.1,64.5
7/8/2025 12:40,21.2,70.1,64.4
7/8/2025 12:41,21.2,70.1,64.5
7/8/2025 12:42,21.2,70.1,64.5
7/8/2025 12:43,21.2,70.2,64.5
7/8/2025 12:44,21.2,70.1,64.5
7/8/2025 12:45,21.2,70.1,64.5
7/8/2025 12:46,21.1,70.1,64.5
7/8/2025 12:47,21.2,70.2,64.5
7/8/2025 12:48,21.1,70,64.5
7/8/2025 12:49,21.2,70.1,64.6
7/8/2025 12:50,21.2,70.1,64.6
7/8/2025 12:51,21.1,70.1,64.7
7/8/2025 12:52,21.1,70,64.7
7/8/2025 12:53,21.2,70.1,64.7
7/8/2025 12:54,21.1,70,64.6
7/8/2025 12:55,21.1,70.1,64.6
7/8/2025 12:56,21.1,70,64.7
7/8/2025 12:57,21.2,70.1,64.8
7/8/2025 12:58,21.1,70,64.7
7/8/2025 12:59,21.1,70,64.8
7/8/2025 13:00,21.2,70.1,64.8
7/8/2025 13:01,21.1,70.1,64.8
7/8/2025 13:02,21.2,70.1,64.8
7/8/2025 13:03,21.2,70.1,64.8
7/8/2025 13:04,21.2,70.2,64.8
7/8/2025 13:05,21.1,70.1,64.8
7/8/2025 13:06,21.1,70.1,64.8
7/8/2025 13:07,21.2,70.1,64.9
7/8/2025 13:08,21.2,70.1,64.8
7/8/2025 13:09,21.1,70,64.9
7/8/2025 13:10,21.2,70.1,64.9
7/8/2025 13:11,21.1,70.1,64.9
7/8/2025 13:12,21.2,70.1,64.8
7/8/2025 13:13,21.2,70.1,64.9
7/8/2025 13:14,21.2,70.1,64.8
7/8/2025 13:15,21.2,70.1,64.7
7/8/2025 13:16,21.1,70.1,64.8
7/8/2025 13:17,21.1,70.1,64.8
7/8/2025 13:18,21.2,70.1,64.8
7/8/2025 13:19,21.2,70.1,64.7
7/8/2025 13:20,21.2,70.1,64.7
7/8/2025 13:21,21.2,70.2,64.7
7/8/2025 13:22,21.2,70.1,64.8
7/8/2025 13:23,21.2,70.1,64.7
7/8/2025 13:24,21.2,70.1,64.7
7/8/2025 13:25,21.2,70.1,64.7
7/8/2025 13:26,21.1,70.1,64.7
7/8/2025 13:27,21.2,70.1,64.6
7/8/2025 13:28,21.2,70.2,64.7
7/8/2025 13:29,21.2,70.1,64.7
7/8/2025 13:30,21.2,70.1,64.7
7/8/2025 13:31,21.2,70.1,64.6
7/8/2025 13:32,21.1,70,64.6
7/8/2025 13:33,21.2,70.1,64.7
7/8/2025 13:34,21.2,70.2,64.6
7/8/2025 13:35,21.2,70.1,64.6
7/8/2025 13:36,21.2,70.2,64.6
7/8/2025 13:37,21.2,70.1,64.5
7/8/2025 13:38,21.1,70.1,64.6
7/8/2025 13:39,21.2,70.1,64.6
7/8/2025 13:40,21.2,70.1,64.5
7/8/2025 13:41,21.2,70.1,64.6
7/8/2025 13:42,21.1,70,64.6
7/8/2025 13:43,21.2,70.1,64.6
7/8/2025 13:44,21.1,70.1,64.6
7/8/2025 13:45,21.2,70.1,64.6
7/8/2025 13:46,21.1,70.1,64.6
7/8/2025 13:47,21.2,70.1,64.6
7/8/2025 13:48,21.1,70.1,64.5
7/8/2025 13:49,21.2,70.1,64.6
7/8/2025 13:50,21.1,70,64.6
7/8/2025 13:51,21.2,70.1,64.5
7/8/2025 13:52,21.1,70.1,64.6
7/8/2025 13:53,21.1,70.1,64.6
7/8/2025 13:54,21.2,70.1,64.6
7/8/2025 13:55,21.2,70.1,64.6
7/8/2025 13:56,21.2,70.1,64.6
7/8/2025 13:57,21.2,70.2,64.6
7/8/2025 13:58,21.1,70.1,64.6
7/8/2025 13:59,21.2,70.2,64.6
7/8/2025 14:00,21.2,70.1,64.6
7/8/2025 14:01,21.2,70.1,64.6
7/8/2025 14:02,21.1,70.1,64.6
7/8/2025 14:03,21.1,70.1,64.6
7/8/2025 14:04,21.2,70.1,64.5
7/8/2025 14:05,21.2,70.1,64.5
7/8/2025 14:06,21.1,70.1,64.6
7/8/2025 14:07,21.1,70.1,64.5
7/8/2025 14:08,21.2,70.1,64.6
7/8/2025 14:09,21.2,70.1,64.5
7/8/2025 14:10,21.1,70,64.5
7/8/2025 14:11,21.2,70.1,64.6
7/8/2025 14:12,21.2,70.2,64.6
7/8/2025 14:13,21.2,70.1,64.6
7/8/2025 14:14,21.1,70,64.6
7/8/2025 14:15,21.2,70.1,64.6
7/8/2025 14:16,21.1,70,64.7
7/8/2025 14:17,21.1,70.1,64.6
7/8/2025 14:18,21.1,70.1,64.6
7/8/2025 14:19,21.2,70.1,64.6
7/8/2025 14:20,21.1,70.1,64.6
7/8/2025 14:21,21.1,70,64.6
7/8/2025 14:22,21.2,70.2,64.7
7/8/2025 14:23,21.1,70,64.6
7/8/2025 14:24,21.1,70.1,64.7
7/8/2025 14:25,21.1,70.1,64.6
7/8/2025 14:26,21.2,70.1,64.7
7/8/2025 14:27,21.2,70.1,64.7
7/8/2025 14:28,21.2,70.1,64.7
7/8/2025 14:29,21.1,70,64.7
7/8/2025 14:30,21.2,70.1,64.7
7/8/2025 14:31,21.2,70.1,64.8
7/8/2025 14:32,21.1,70.1,64.7
7/8/2025 14:33,21.2,70.1,64.8
7/8/2025 14:34,21.2,70.1,64.8
7/8/2025 14:35,21.1,70,64.8
7/8/2025 14:36,21.2,70.1,64.8
7/8/2025 14:37,21.2,70.1,64.9
7/8/2025 14:38,21.2,70.2,64.9
7/8/2025 14:39,21.2,70.1,64.9
7/8/2025 14:40,21.2,70.1,64.9
7/8/2025 14:41,21.2,70.2,64.9
7/8/2025 14:42,21.2,70.1,64.9
7/8/2025 14:43,21.2,70.1,64.9
7/8/2025 14:44,21.2,70.1,64.8
7/8/2025 14:45,21.2,70.1,64.9
7/8/2025 14:46,21.2,70.2,64.9
7/8/2025 14:47,21.2,70.2,64.9
7/8/2025 14:48,21.2,70.2,64.9
7/8/2025 14:49,21.2,70.1,64.8
7/8/2025 14:50,21.3,70.3,64.9
7/8/2025 14:51,21.2,70.2,64.9
7/8/2025 14:52,21.2,70.2,64.9
7/8/2025 14:53,21.2,70.2,64.9
7/8/2025 14:54,21.3,70.3,64.9
7/8/2025 14:55,21.2,70.1,64.8
7/8/2025 14:56,21.2,70.1,64.9
7/8/2025 14:57,21.2,70.1,64.9
7/8/2025 14:58,21.3,70.3,64.8
7/8/2025 14:59,21.2,70.2,64.9
7/8/2025 15:00,21.2,70.2,64.8
7/8/2025 15:01,21.2,70.1,64.8
7/8/2025 15:02,21.2,70.2,64.8
7/8/2025 15:03,21.2,70.1,64.9
7/8/2025 15:04,21.2,70.2,64.8
7/8/2025 15:05,21.2,70.2,64.9
7/8/2025 15:06,21.2,70.1,64.9
7/8/2025 15:07,21.2,70.2,64.8
7/8/2025 15:08,21.2,70.2,64.8
7/8/2025 15:09,21.2,70.2,64.8
7/8/2025 15:10,21.2,70.1,64.7
7/8/2025 15:11,21.2,70.2,64.7
7/8/2025 15:12,21.2,70.2,64.7
7/8/2025 15:13,21.2,70.2,64.7
7/8/2025 15:14,21.2,70.2,64.7
7/8/2025 15:15,21.2,70.2,64.7
7/8/2025 15:16,21.2,70.2,64.6
7/8/2025 15:17,21.2,70.2,64.6
7/8/2025 15:18,21.2,70.1,64.7
7/8/2025 15:19,21.2,70.2,64.7
7/8/2025 15:20,21.2,70.2,64.6
7/8/2025 15:21,21.2,70.1,64.6
7/8/2025 15:22,21.2,70.1,64.6
7/8/2025 15:23,21.2,70.2,64.7
7/8/2025 15:24,21.2,70.1,64.6
7/8/2025 15:25,21.2,70.1,64.6
7/8/2025 15:26,21.2,70.1,64.6
7/8/2025 15:27,21.2,70.1,64.6
7/8/2025 15:28,21.2,70.1,64.6
7/8/2025 15:29,21.2,70.1,64.6
7/8/2025 15:30,21.1,70.1,64.6
7/8/2025 15:31,21.2,70.1,64.5
7/8/2025 15:32,21.1,70.1,64.5
7/8/2025 15:33,21.1,70.1,64.4
